{"current":{"enable_wide_layout":true,"color_topbar_bg":"#000000","color_body_bg":"#ffffff","color_footer_bg":"#000000","color_borders":"#dddddd","color_primary":"#d2b060","color_button_primary_text":"#ffffff","color_topbar_text":"#ffffff","color_header_text":"#403b37","color_body_text":"#403b37","color_footer_text":"#d9d9d9","color_footer_social_link":"#403b37","type_base_family":"lato_n4","type_base_size":"16px","type_header_family":"lato_n4","type_header_size":"32px","type_accent_family":"lato_n4","type_accent_size":"16px","type_accent_transform":true,"type_accent_spacing":true,"favicon":"","share_image":"","social_twitter_link":"","social_facebook_link":"https:\/\/www.facebook.com\/buymarca","social_pinterest_link":"","social_google_plus_link":"","social_instagram_link":"https:\/\/www.instagram.com\/buymarkaonline\/","social_snapchat_link":"","social_tumblr_link":"","social_youtube_link":"","social_vimeo_link":"","social_fancy_link":"","social_rss_link":"","share_facebook":false,"share_twitter":false,"share_pinterest":false,"social_sharing_style":"normal","checkout_header_image":"","checkout_logo_image":"shopify:\/\/shop_images\/2_e71d9135-002f-4e4f-bafd-8a1b4895c916.png","checkout_logo_position":"left","checkout_logo_size":"medium","checkout_body_background_image":"","checkout_body_background_color":"#fff","checkout_input_background_color_mode":"white","checkout_sidebar_background_image":"","checkout_sidebar_background_color":"#fafafa","checkout_heading_font":"Lato","checkout_body_font":"Lato","checkout_accent_color":"#d2b060","checkout_button_color":"#e42c00","checkout_error_color":"#e42c00","pt_mobile_enable":true,"pt_scroll_filter_group":true,"pt_sort_created_desc_text":"Newest","color_pt_clear_text":"#222","pt_small_box_radius":3,"mlvedaACS_autoSwitch":true,"pt_mobile_text_vertical":14,"collections_center_grid_link":false,"pt_ajax_selector":"#main","pt_header_font_override":false,"color_pt_small_box_text_hover":"#ffffff","pt_sticky_selector":".filter-menu","color_pt_links_hover":"#444","pt_ajax_enable":false,"pt_sort_manual_text":"Featured","pt_view_more_enable":false,"pt_tags_text":"Tags","color_pt_header_top_border":"rgba(0,0,0,0)","pt_apply_button_disabled_color":"#cccccc","pt_mobile_vertical":7,"pt_small_box_border":true,"mlvedaACS_isCustomized":true,"pt_sort_position":"bottom","pt_show_tags_group":false,"mlvedaACS_borderLook":true,"pt_ajax_script":";","color_pt_counts_color":"#888","pt_show_clear":true,"pt_show_show_single_group":true,"color_pt_bg":"rgba(0,0,0,0)","color_pt_clear_bg_hover":"#ddd","pt_float_filters":"false","mlvedaACS_textColor":"#2196f3","mlvedaACS_flagStyle":"circle","pt_accordion_enable":false,"pt_links_font":"work_sans_n6","pt_mobile_color":"#222","mlvedaACS_isMessageDisplay":true,"pt_checkbox_size_swatch":25,"pt_checkbox_checkbox_align":"middle","pt_hide_headers":false,"mlvedaACS_messageColor":"inherit","pt_header_size":18,"pt_sticky_offset":"25px","pt_show_collection_group":true,"pt_apply_button_color":"#0084ff","pt_links_weight":"300","pt_sort_price_asc_text":"Price: Low to High","pt_refine_text":"Refine","color_pt_links_selected":"#333","favicon_enable":false,"pt_links_size":14,"mlvedaACS_roundDecimal":false,"pt_show_sort_by_group":false,"pt_small_box_shadow":true,"pt_checkbox_primary_color":"#888","pt_apply_button_text":"Apply","pt_desktop_always_show_selected":true,"pt_filter_padding":6,"pt_mobile_max_width":"767px","pt_temporary_disable":false,"mlvedaACS_messageContent":"<<shop.name>> process all orders in <<shop.currency>>. While the content of your cart is currently displayed in <<shop.selected_currency>>, you will checkout using <<shop.currency>> at the most current exchange rate.","pt_show_only_on_collections":false,"pt_show_view_all":true,"pt_sort_price_desc_text":"Price: High to Low","pt_show_inactive_filters":false,"mlvedaACS_positionTop":"10px","pt_sort_by_text":"Sort By","pt_checkbox_style":"0","pt_search_placeholder_text":"search...","pt_force_dropdown":false,"pt_show_tags_grouped":false,"color_pt_clear_bg":"#eee","color_pt_header_text":"#222","pt_mobile_font_override":false,"mlvedaACS_positionRight":"10px","color_pt_clear_text_hover":"#222","pt_bg_radius":3,"pt_apply_button_enable":false,"pt_sticky_enable":false,"pt_sticky_min_width":"767px","pt_clear_to_current_collection":false,"pt_show_collection_count":true,"color_pt_small_box_bg_hover":"#00a5fd","pt_view_more_count":10,"pt_show_refine":true,"pt_sort_title_asc_text":"A-Z","color_pt_bg_border":"rgba(0,0,0,0)","color_pt_links":"#222","color_pt_small_box_bg":"#ffffff","pt_mobile_size":"","mlvedaACS_positionLeft":"0px","mlvedaACS_defaultCurrency":"USD","pt_collection_text":"Collection","pt_view_more_text":"View More...","mlvedaACS_positionBottom":"10px","pt_view_all_text":"view all","pt_header_weight":"600","mlvedaACS_messageBackgroundColor":"inherit","pt_links_font_override":false,"pt_sort_created_asc_text":"Newest Last","pt_checkbox_size":15,"pt_color_swatch_type":"swatch","color_pt_header_border":"#ddd","mlvedaACS_roundDecimalValue":1,"mlvedaACS_backgroundColor":"#ffffff","mlvedaACS_position":"top_with_right","pt_checkbox_secondary_color":"#444","pt_sticky_mode":"basic","pt_sort_best_selling_text":"Best Selling","pt_mobile_hide_selected":false,"pt_show_checkboxes":true,"mlvedaACS_textHoverColor":"inherit","pt_apply_button_hover_color":"#0670cf","mlvedaACS_enable":false,"pt_header_font":"work_sans_n6","pt_bg_padding":0,"pt_mobile_text":"Filter","mlvedaACS_supportedCurrencies":"USD LYD","pt_sort_title_desc_text":"Z-A","pt_mobile_font":"work_sans_n6","mlvedaACS_hideDecimal":false,"pt_show_sort_by_checkboxes":false,"mlvedaACS_hoverBackgroundColor":"inherit","mlvedaACS_currencyFormat":"money_with_currency_format","mlvedaACS_borderLineColor":"#2196f3","pt_clear_text":"clear","pt_checkbox_swatch_style":"3","mlvedaACS_displayFlag":true,"pt_accordion_mode":"all","pt_sort_by_dropdown":false,"sections":{"footer":{"type":"footer","blocks":{"1576577057420":{"type":"menu","settings":{"menu_title":"Policy","menu":"footer-3"}},"1576577353562":{"type":"menu","settings":{"menu_title":"Help Center","menu":"footer-2"}},"1576581130688":{"type":"image_picker","settings":{"footer_logo":"shopify:\/\/shop_images\/footer-logo_317efd7c-8e73-46d3-9f9f-aada65ec0604.png"}}},"block_order":["1576581130688","1576577353562","1576577057420"],"settings":{"show_methods_of_payment":false}},"1576569144841":{"type":"featured-collection-products","settings":{"title":"Collection Products","featured_collection":"women-1","num_per_row":6,"total_products":12,"num_rows":2,"vendor_enable":false,"show_sale_circle":false,"show_sold_out_circle":false,"center_grid_link":false}},"1579353073746":{"type":"featured-collection-products","settings":{"title":"","featured_collection":"sport","num_per_row":6,"total_products":6,"num_rows":1,"vendor_enable":false,"show_sale_circle":false,"show_sold_out_circle":false,"center_grid_link":false}},"1576649034456":{"type":"home_collection_grid","blocks":{"1577018715836":{"type":"image","settings":{"image":"shopify:\/\/shop_images\/Untitled_design_12.png","Image_title":"Abaya","Image_caption":"Shop Collection","link":"shopify:\/\/collections\/abaya-1"}},"1576649034456-1":{"type":"image","settings":{"image":"shopify:\/\/shop_images\/Copy_of_Copy_of_Untitled_08c2350a-8860-496b-8cd3-4f1738555f40.png","Image_title":"Shoes","Image_caption":"Shop Collection","link":"shopify:\/\/collections\/women-shoes"}},"1576649233183":{"type":"image","settings":{"image":"shopify:\/\/shop_images\/image_2019_12_26T11_24_38_011Z.png","Image_title":"Accessories","Image_caption":"Shop Collection","link":"shopify:\/\/collections\/women-accessories"}},"1576649034456-2":{"type":"image","settings":{"image":"shopify:\/\/shop_images\/image_2019_12_26T11_23_35_909Z.png","Image_title":"Bags","Image_caption":"Shop Collection","link":"shopify:\/\/collections\/women-bags"}},"1576649034456-0":{"type":"image","settings":{"image":"shopify:\/\/shop_images\/Women_Clothing.png","Image_title":"Clothing","Image_caption":"Shop Collection","link":"shopify:\/\/collections\/women-clothing"}}},"block_order":["1576649034456-0","1576649034456-1","1576649034456-2","1577018715836","1576649233183"],"settings":{"main-section-heading":"Women","shop_all_link":"shopify:\/\/collections\/women-1"}},"product-template":{"type":"product-template","settings":{"product_vendor_enable":true,"product_quantity_enable":true,"product_image_zoom_type":"zoom-in","product_thumbnails_position":"below","show_extra_tab":false,"extra_tab_content":"","social_sharing":true,"enable_payment_button":true,"add_to_cart_width":"small"}},"1577282214888":{"type":"featured-collection-products","settings":{"title":"Collection Products","featured_collection":"home","num_per_row":6,"total_products":12,"num_rows":2,"vendor_enable":false,"show_sale_circle":false,"show_sold_out_circle":false,"center_grid_link":false}},"1576647466479":{"type":"featured-collection-products","settings":{"title":"Collection Products","featured_collection":"beauty","num_per_row":6,"total_products":12,"num_rows":2,"vendor_enable":true,"show_sale_circle":true,"show_sold_out_circle":true,"center_grid_link":true}},"1577282752437":{"type":"featured-collection-products","settings":{"title":"Collection Products","featured_collection":"electronics","num_per_row":6,"total_products":12,"num_rows":2,"vendor_enable":false,"show_sale_circle":false,"show_sold_out_circle":false,"center_grid_link":false}},"cart-template":{"type":"cart-template","settings":{"cart_notes_enable":false}},"collection-list":{"type":"collection-list","settings":{"title":"Collection list"}},"list-collections-template":{"type":"list-collections-template","settings":{"display_type":"all","sort":"alphabetical","grid":"4"}},"1576560836736":{"type":"top-banner","blocks":{"1578186758548":{"type":"image","settings":{"image":"shopify:\/\/shop_images\/14.png","alignment":"center center","overlay_opacity":0,"color_text":"#ffffff","text_alignment":"center","slide_heading":"","logo_slide_image":"","slide_middle_heading":"","slide_last_heading":"","heading_bottom_left":"","heading_bottom_right":"","button_label":"","button_link":""}},"1578186719813":{"type":"image","settings":{"image":"shopify:\/\/shop_images\/6_388171ac-2f1c-4a18-9457-dd2d47602f01.png","alignment":"center center","overlay_opacity":0,"color_text":"#ffffff","text_alignment":"left","slide_heading":"","logo_slide_image":"","slide_middle_heading":"","slide_last_heading":"","heading_bottom_left":"","heading_bottom_right":"","button_label":"","button_link":"shopify:\/\/collections\/adidas"}},"1576560836736-0":{"type":"image","settings":{"image":"shopify:\/\/shop_images\/10_aafa801e-2955-4207-baff-7e298957a660.png","alignment":"center center","overlay_opacity":0,"color_text":"#ffffff","text_alignment":"left","slide_heading":"","logo_slide_image":"","slide_middle_heading":"","slide_last_heading":"","heading_bottom_left":"","heading_bottom_right":"","button_label":"","button_link":"shopify:\/\/collections\/all"}},"1578186829195":{"type":"image","settings":{"image":"shopify:\/\/shop_images\/2_7730e4fe-7cdf-4c71-b40c-4c4cd9e5d610.png","alignment":"center center","overlay_opacity":0,"color_text":"#ffffff","text_alignment":"center","slide_heading":"","logo_slide_image":"","slide_middle_heading":"","slide_last_heading":"","heading_bottom_left":"","heading_bottom_right":"","button_label":"","button_link":""}},"1577006967084":{"type":"image","settings":{"image":"shopify:\/\/shop_images\/5.png","alignment":"center center","overlay_opacity":0,"color_text":"#ffffff","text_alignment":"center","slide_heading":"","logo_slide_image":"","slide_middle_heading":"","slide_last_heading":"","heading_bottom_left":"","heading_bottom_right":"","button_label":"","button_link":""}},"1578186794446":{"type":"image","settings":{"image":"shopify:\/\/shop_images\/16.png","alignment":"center center","overlay_opacity":0,"color_text":"#474747","text_alignment":"left","slide_heading":"","logo_slide_image":"","slide_middle_heading":"","slide_last_heading":"","heading_bottom_left":"","heading_bottom_right":"","button_label":"","button_link":""}}},"block_order":["1578186719813","1578186829195","1577006967084","1578186758548","1576560836736-0","1578186794446"],"settings":{"slider_height":"large","slider_autorotate":true,"slider_autorotate_rate":3,"slider_home_transition":"slide","text_size":"medium"}},"1576576428930":{"type":"featured-collection-products","settings":{"title":"Collection Products","featured_collection":"men-1","num_per_row":6,"total_products":12,"num_rows":2,"vendor_enable":false,"show_sale_circle":false,"show_sold_out_circle":false,"center_grid_link":false}},"1577338620796":{"type":"featured-collection-products","settings":{"title":"Collection Products","featured_collection":"watches-eyewear","num_per_row":6,"total_products":6,"num_rows":1,"vendor_enable":false,"show_sale_circle":false,"show_sold_out_circle":false,"center_grid_link":false}},"1576646533912":{"type":"home_collection_grid","blocks":{"1576646533912-1":{"type":"image","settings":{"image":"shopify:\/\/shop_images\/Copy_of_Untitled_4.png","Image_title":"Skin Care","Image_caption":"Shop Products","link":"shopify:\/\/collections\/skin-care"}},"1577130106252":{"type":"image","settings":{"image":"shopify:\/\/shop_images\/Copy_of_Untitled_3.png","Image_title":"Perfumes","Image_caption":"Shop Collection","link":"shopify:\/\/collections\/perfumes-1"}},"1576646533912-0":{"type":"image","settings":{"image":"shopify:\/\/shop_images\/Copy_of_Copy_of_Copy_of_Untitled.png","Image_title":"Makeup","Image_caption":"Shop Products","link":"shopify:\/\/collections\/makeup"}}},"block_order":["1576646533912-0","1576646533912-1","1577130106252"],"settings":{"main-section-heading":"Beauty","shop_all_link":"shopify:\/\/collections\/beauty"}},"1576648598478":{"type":"home_collection_grid","blocks":{"1576648775606":{"type":"image","settings":{"image":"shopify:\/\/shop_images\/Men-Accessories.png","Image_title":"Accessories","Image_caption":"Shop Collection","link":"shopify:\/\/collections\/men-accessories-1"}},"1576648598478-0":{"type":"image","settings":{"image":"shopify:\/\/shop_images\/Men_Clothing.png","Image_title":"Clothing","Image_caption":"Shop Collection","link":"shopify:\/\/collections\/men-clothing"}},"1576648598478-2":{"type":"image","settings":{"image":"shopify:\/\/shop_images\/Men_Bags.png","Image_title":"Bags","Image_caption":"Shop Collection","link":"shopify:\/\/collections\/men-bags"}},"1576648598478-1":{"type":"image","settings":{"image":"shopify:\/\/shop_images\/image_2019_12_26T11_25_47_857Z.png","Image_title":"Shoes","Image_caption":"Shop Collection","link":"shopify:\/\/collections\/men-shoes"}}},"block_order":["1576648598478-0","1576648598478-1","1576648598478-2","1576648775606"],"settings":{"main-section-heading":"Men","shop_all_link":"shopify:\/\/collections\/men-1"}},"collection-template":{"type":"collection-template","settings":{"vendor_enable":false,"show_sale_circle":true,"show_sold_out_circle":true,"sort_enable":true,"tags_enable":true,"center_grid_link":false}},"1577278307402":{"type":"home_collection_grid","blocks":{"1577278307402-0":{"type":"image","settings":{"image":"shopify:\/\/shop_images\/Eyewear_33edf15b-84b4-4b17-a089-65b4d0e5dcff.png","Image_title":"Eyewear","Image_caption":"Shop Collection","link":"shopify:\/\/collections\/eyewear-1"}},"1577278307402-1":{"type":"image","settings":{"image":"shopify:\/\/shop_images\/Men_Watches.png","Image_title":"Watches","Image_caption":"Shop Collection","link":"shopify:\/\/collections\/watches"}}},"block_order":["1577278307402-0","1577278307402-1"],"settings":{"main-section-heading":"","shop_all_link":""}},"1576648108253":{"type":"home_collection_grid","blocks":{"1576648108253-1":{"type":"image","settings":{"image":"shopify:\/\/shop_images\/Gym.png","Image_title":"Gym Supplements","Image_caption":"Shop Products","link":"shopify:\/\/collections\/gym-supplements"}},"1576648108253-0":{"type":"image","settings":{"image":"shopify:\/\/shop_images\/Untitled_design_36.png","Image_title":"Sports Wear","Image_caption":"Shop Collection","link":"shopify:\/\/collections\/sports-wear"}}},"block_order":["1576648108253-0","1576648108253-1"],"settings":{"main-section-heading":"Sports","shop_all_link":"shopify:\/\/collections\/sport"}},"1577338538111":{"type":"featured-collection-products","settings":{"title":"Collection Products","featured_collection":"kids","num_per_row":6,"total_products":6,"num_rows":1,"vendor_enable":false,"show_sale_circle":false,"show_sold_out_circle":false,"center_grid_link":false}},"1577280859090":{"type":"home_collection_grid","blocks":{"1577280859090-0":{"type":"image","settings":{"image":"shopify:\/\/shop_images\/Copy_of_Copy_of_Copy_of_Untitled_3647c60d-e471-4526-9742-a98f0bc4c533.png","Image_title":"Appliances","Image_caption":"Shop Products","link":"shopify:\/\/collections\/home-appliances-1"}},"1577280859090-1":{"type":"image","settings":{"image":"shopify:\/\/shop_images\/Home_security.png","Image_title":"Home Security","Image_caption":"Shop Products","link":"shopify:\/\/collections\/home-security"}}},"block_order":["1577280859090-0","1577280859090-1"],"settings":{"main-section-heading":"HOME","shop_all_link":"shopify:\/\/collections\/home"}},"1576565497167":{"type":"home_brand_logos","blocks":{"1577356476864":{"type":"image","settings":{"image":"shopify:\/\/shop_images\/0_3.png","link":""}},"1577356494570":{"type":"image","settings":{"image":"shopify:\/\/shop_images\/0_4.png","link":""}},"1577356548349":{"type":"image","settings":{"image":"shopify:\/\/shop_images\/0_9.png","link":""}},"1577356534870":{"type":"image","settings":{"image":"shopify:\/\/shop_images\/0_7.png","link":""}},"1577356539929":{"type":"image","settings":{"image":"shopify:\/\/shop_images\/0_8.png","link":""}},"1577356422341":{"type":"image","settings":{"image":"shopify:\/\/shop_images\/0_1.png","link":""}},"1577356577886":{"type":"image","settings":{"image":"shopify:\/\/shop_images\/0_12.png","link":""}},"1577356514707":{"type":"image","settings":{"image":"shopify:\/\/shop_images\/0_6.png","link":""}},"1577356568527":{"type":"image","settings":{"image":"shopify:\/\/shop_images\/0_11.png","link":""}},"1577356505531":{"type":"image","settings":{"image":"shopify:\/\/shop_images\/0_5.png","link":""}},"1577356466570":{"type":"image","settings":{"image":"shopify:\/\/shop_images\/0_2.png","link":""}},"1577356557627":{"type":"image","settings":{"image":"shopify:\/\/shop_images\/0_10.png","link":""}}},"block_order":["1577356422341","1577356466570","1577356476864","1577356494570","1577356505531","1577356514707","1577356534870","1577356539929","1577356548349","1577356557627","1577356568527","1577356577886"],"settings":{}},"1576652394955":{"type":"home_collection_grid","blocks":{"1576652394955-0":{"type":"image","settings":{"image":"shopify:\/\/shop_images\/image_2019_12_26T11_55_29_758Z.png","Image_title":"Kids Fashion","Image_caption":"Shop Collection","link":"shopify:\/\/collections\/kids"}}},"block_order":["1576652394955-0"],"settings":{"main-section-heading":"","shop_all_link":""}},"header":{"type":"header","settings":{"header_search_enable":true,"logo":"shopify:\/\/shop_images\/logo.png","logo_max_width":"300","nav_menu":"main-menu","nav_below_logo":true,"left_aligned_logo":true,"show_header_lines":true,"show_announcement":true,"header_text":"Fast Free Delivery","announcement_link":""}},"product-recommendations":{"type":"product-recommendations","settings":{"show_product_recommendations":true,"heading":"You may also like","vendor_enable":true,"show_sale_circle":true,"center_grid_link":true}},"1576647673317":{"type":"home_collection_grid","blocks":{"1576647788857":{"type":"image","settings":{"image":"shopify:\/\/shop_images\/Untitled_design_29.png","Image_title":"Gaming","Image_caption":"Shop Products","link":"shopify:\/\/collections\/gaming"}},"1576647822005":{"type":"image","settings":{"image":"shopify:\/\/shop_images\/electronics5.png","Image_title":"Accessories","Image_caption":"Shop Products","link":"shopify:\/\/collections\/audio-electronic-accessories"}},"1576647673317-1":{"type":"image","settings":{"image":"shopify:\/\/shop_images\/Untitled_design_31.png","Image_title":"Mobile Phones","Image_caption":"Shop Products","link":"shopify:\/\/collections\/mobile-phones"}},"1576647673317-0":{"type":"image","settings":{"image":"shopify:\/\/shop_images\/Untitled_design_23.png","Image_title":"Computers","Image_caption":"Shop Products","link":"shopify:\/\/collections\/laptops"}},"1576647673317-2":{"type":"image","settings":{"image":"shopify:\/\/shop_images\/Untitled_design_30.png","Image_title":"Cameras","Image_caption":"Shop Products","link":"shopify:\/\/collections\/cameras"}}},"block_order":["1576647673317-0","1576647673317-1","1576647673317-2","1576647788857","1576647822005"],"settings":{"main-section-heading":"Electronics","shop_all_link":"shopify:\/\/collections\/electronics"}}},"content_for_index":["1576560836736","1576565497167","1576649034456","1576569144841","1576648598478","1576576428930","1576652394955","1577338538111","1577278307402","1577338620796","1576646533912","1576647466479","1576647673317","1577282752437","1577280859090","1577282214888","1576648108253","1579353073746"]},"presets":{"Fashion":{"checkout_body_font":"Helvetica Neue","favicon_enable":false,"color_header_text":"#403b37","share_twitter":true,"color_button_primary_text":"#ffffff","color_topbar_text":"#ffffff","enable_wide_layout":true,"color_body_text":"#403b37","color_footer_bg":"#ffffff","checkout_error_color":"#e42c00","type_header_family":"optima_nova_n7","color_footer_text":"#403b37","checkout_heading_font":"Helvetica Neue","share_facebook":true,"type_header_size":"32px","type_accent_transform":true,"checkout_accent_color":"#e42c00","color_primary":"#f25c54","share_pinterest":true,"sections":{"slider":{"settings":{"slider_home_transition":"fade","slider_autorotate_rate":5,"slider_autorotate":false},"blocks":{"slider-1":{"settings":{},"type":"image"},"slider-0":{"settings":{},"type":"image"}},"type":"slider","block_order":["slider-0","slider-1"]},"product-template":{"settings":{"product_thumbnails_position":"below","product_quantity_enable":true,"product_image_zoom_type":"zoom-in","product_vendor_enable":true,"social_sharing":true},"type":"product-template"},"footer":{"settings":{"show_methods_of_payment":true},"blocks":{"footer-3":{"settings":{},"type":"newsletter"},"footer-2":{"settings":{},"type":"social"},"footer-1":{"settings":{"blog":"news"},"type":"blog"},"footer-0":{"settings":{"menu_title":"Links","menu":"footer"},"type":"menu"}},"type":"footer","block_order":["footer-0","footer-1","footer-2","footer-3"]},"feature-row-0":{"settings":{"layout":"right"},"type":"feature-row"},"feature-row-1":{"settings":{"layout":"left"},"type":"feature-row"},"header":{"settings":{"show_header_lines":true,"left_aligned_logo":true,"header_search_enable":true,"nav_below_logo":false,"logo_max_width":"450"},"type":"header"},"featured-collection":{"settings":{"num_per_row":4,"featured_collection":"frontpage","num_rows":1},"type":"featured-collection"},"collection-list":{"settings":{},"type":"collection-list"},"map":{"settings":{},"type":"map"},"collection-template":{"settings":{"tags_enable":true,"show_sold_out_circle":true,"center_grid_link":false,"vendor_enable":true,"show_sale_circle":true,"sort_enable":true},"type":"collection-template"}},"type_accent_size":"16px","social_sharing_style":"normal","color_body_bg":"#ffffff","content_for_index":["slider","featured-collection","feature-row-0","feature-row-1","map"],"type_accent_spacing":true,"type_base_size":"16px","color_topbar_bg":"#403b37","color_borders":"#dddddd","type_accent_family":"optima_nova_n4","type_base_family":"pt_sans_n4","color_footer_social_link":"#403b37","checkout_button_color":"#e42c00"},"Vintage":{"checkout_body_font":"Helvetica Neue","color_header_text":"#1b1e2f","share_twitter":true,"checkout_sidebar_background_color":"#fafafa","checkout_input_background_color_mode":"white","color_button_primary_text":"#ffffff","collections_center_grid_link":false,"color_topbar_text":"#ffffff","color_body_text":"#1b1e2f","checkout_header_image":"","color_footer_bg":"#1b1e2f","checkout_error_color":"#e42c00","checkout_body_background_color":"#fff","type_header_family":"crimson_text_n7","checkout_sidebar_background_image":"","color_footer_text":"#f2f0ee","checkout_heading_font":"Arvo","share_facebook":true,"type_header_size":"30px","type_accent_transform":true,"checkout_accent_color":"#0081a3","color_primary":"#d77e6a","share_pinterest":true,"checkout_body_background_image":"","sections":{"article-template":{"settings":{"article_author_enable":false,"social_sharing":false},"type":"article-template"},"slider":{"settings":{"slider_home_transition":"fade","slider_autorotate_rate":5,"slider_autorotate":false},"blocks":{"slider-1":{"settings":{},"type":"image"},"slider-0":{"settings":{},"type":"image"},"slider-2":{"settings":{},"type":"image"}},"type":"slider","block_order":["slider-0","slider-1","slider-2"]},"product-template":{"settings":{"product_thumbnails_position":"right","product_quantity_enable":false,"extra_tab_content":"","show_extra_tab":false,"product_image_zoom_type":"lightbox","product_vendor_enable":true,"social_sharing":false},"type":"product-template"},"footer":{"settings":{"show_methods_of_payment":true},"blocks":{"footer-3":{"settings":{},"type":"newsletter"},"footer-2":{"settings":{},"type":"social"},"footer-1":{"settings":{"menu":"footer"},"type":"menu"},"footer-0":{"settings":{"blog":"news"},"type":"blog"}},"type":"footer","block_order":["footer-0","footer-1","footer-2","footer-3"]},"featured-product":{"settings":{"product_quantity_enable":false,"product_image_zoom_type":"lightbox","product_vendor_enable":false,"social_sharing":false},"type":"featured-product"},"header":{"settings":{"show_header_lines":true,"left_aligned_logo":true,"header_search_enable":true,"nav_below_logo":false,"logo_max_width":"90"},"type":"header"},"featured-blog":{"settings":{"blog_show_excerpt":true,"blog_show_image":false,"post_limit":2,"title":"News","blog":"news","blog_show_date":true,"show_view_all":false,"blog_show_author":false},"type":"featured-blog"},"featured-collection":{"settings":{"num_per_row":4,"featured_collection":"frontpage","show_sold_out_circle":true,"num_rows":2,"center_grid_link":false,"title":"Popular this week","vendor_enable":false,"show_sale_circle":true},"type":"featured-collection"},"collection-list":{"settings":{},"type":"collection-list"},"collection-template":{"settings":{"tags_enable":true,"show_sold_out_circle":true,"center_grid_link":false,"vendor_enable":true,"show_sale_circle":true,"sort_enable":true},"type":"collection-template"}},"type_accent_size":"14px","social_sharing_style":"normal","color_body_bg":"#faf9f7","content_for_index":["slider","featured-blog","featured-collection","featured-product"],"type_accent_spacing":true,"type_base_size":"16px","color_topbar_bg":"#1b1e2f","checkout_logo_position":"left","checkout_logo_size":"medium","color_borders":"#faf9f7","type_accent_family":"pt_sans_n7","type_base_family":"helvetica_n4","color_footer_social_link":"#f2f0ee","checkout_button_color":"#0081a3","checkout_logo_image":""},"Modern":{"checkout_body_font":"Helvetica Neue","color_header_text":"#000000","share_twitter":true,"checkout_sidebar_background_color":"#fafafa","checkout_input_background_color_mode":"white","color_button_primary_text":"#ffffff","collections_center_grid_link":false,"color_topbar_text":"#000000","enable_wide_layout":false,"color_body_text":"#000000","checkout_header_image":"","color_footer_bg":"rgba(0,0,0,0)","checkout_error_color":"#e42c00","checkout_body_background_color":"#fff","type_header_family":"source_sans_pro_n7","checkout_sidebar_background_image":"","color_footer_text":"#000000","checkout_heading_font":"Helvetica Neue","share_facebook":true,"type_header_size":"32px","type_accent_transform":false,"checkout_accent_color":"#767676","color_primary":"#59756f","share_pinterest":true,"checkout_body_background_image":"","sections":{"article-template":{"settings":{"article_author_enable":false,"social_sharing":false},"type":"article-template"},"slider":{"settings":{"slider_home_transition":"fade","slider_autorotate_rate":5,"slider_autorotate":false},"blocks":{"slider-1":{"settings":{},"type":"image"},"slider-0":{"settings":{},"type":"image"},"slider-3":{"settings":{},"type":"image"},"slider-2":{"settings":{},"type":"image"}},"type":"slider","block_order":["slider-0","slider-1","slider-2","slider-3"]},"newsletter":{"settings":{"color_bg":"#eaebea"},"type":"newsletter"},"product-template":{"settings":{"product_thumbnails_position":"right","product_quantity_enable":false,"extra_tab_content":"","show_extra_tab":false,"product_image_zoom_type":"lightbox","product_vendor_enable":true,"social_sharing":false},"type":"product-template"},"collection-list-1":{"settings":{"title":""},"blocks":{"collection-list-1-3":{"settings":{},"type":"collection"},"collection-list-1-2":{"settings":{},"type":"collection"},"collection-list-1-1":{"settings":{},"type":"collection"},"collection-list-1-0":{"settings":{},"type":"collection"}},"type":"collection-list","block_order":["collection-list-1-0","collection-list-1-1","collection-list-1-2","collection-list-1-3"]},"footer":{"settings":{"show_methods_of_payment":true},"blocks":{"footer-3":{"settings":{},"type":"newsletter"},"footer-2":{"settings":{},"type":"social"},"footer-1":{"settings":{"menu":"footer"},"type":"menu"},"footer-0":{"settings":{"blog":"news"},"type":"blog"}},"type":"footer","block_order":["footer-0","footer-1","footer-2","footer-3"]},"header":{"settings":{"show_header_lines":false,"left_aligned_logo":false,"header_search_enable":true,"nav_below_logo":true,"logo_max_width":"60"},"type":"header"},"collection-list":{"settings":{"title":"Collection list"},"blocks":{"collection-list-1":{"settings":{},"type":"collection"},"collection-list-0":{"settings":{},"type":"collection"},"collection-list-3":{"settings":{},"type":"collection"},"collection-list-2":{"settings":{},"type":"collection"}},"type":"collection-list","block_order":["collection-list-0","collection-list-1","collection-list-2","collection-list-3"]},"collection-template":{"settings":{"tags_enable":true,"show_sold_out_circle":true,"center_grid_link":false,"vendor_enable":false,"show_sale_circle":true,"sort_enable":true},"type":"collection-template"}},"type_accent_size":"16px","social_sharing_style":"normal","color_body_bg":"#ffffff","content_for_index":["slider","collection-list","collection-list-1","newsletter"],"type_accent_spacing":false,"type_base_size":"17px","color_topbar_bg":"#cbd5cc","checkout_logo_position":"left","checkout_logo_size":"medium","color_borders":"#ebebeb","type_accent_family":"source_sans_pro_n7","type_base_family":"pt_serif_n4","color_footer_social_link":"#59756f","checkout_button_color":"#e42c00","checkout_logo_image":""}}}