[{"name":"theme_info","theme_name":"Minimal","theme_author":"Shopify","theme_version":"11.6.5","theme_documentation_url":"https:\/\/docs.shopify.com\/manual\/more\/official-shopify-themes\/minimal","theme_support_url":"https:\/\/support.shopify.com\/"},{"name":{"da":"Layout","de":"Layout","en":"Layout","es":"Diseño","fi":"Asettelu","fr":"Mise en page","hi":"लेआउट","it":"Layout","ja":"レイアウト","ko":"레이아웃","ms":"Tata letak","nb":"Oppsett","nl":"Indeling","pt-BR":"Layout","pt-PT":"Esquema","sv":"Layout","th":"เลย์เอาต์","zh-CN":"布局","zh-TW":"版面配置"},"settings":[{"type":"checkbox","id":"enable_wide_layout","label":{"da":"Aktivér bredt layout","de":"Breites Layout aktivieren","en":"Enable wide layout","es":"Habilita diseño amplio","fi":"Ota leveä asettelu käyttöön","fr":"Activer une mise en page plus large","hi":"चौड़ा लेआउट सक्षम करें","it":"Abilita layout esteso","ja":"ワイドレイアウトを有効にする","ko":"넓은 레이아웃 사용","ms":"Dayakan tata letak luas","nb":"Aktiver bredt oppsett","nl":"Brede lay-out inschakelen","pt-BR":"Habilitar layout amplo","pt-PT":"Ativar esquema amplo","sv":"Aktivera en bredare layout","th":"เปิดใช้เลย์เอาต์แบบกว้าง","zh-CN":"启用宽幅布局","zh-TW":"啟用寬幅版面配置"}}]},{"name":{"da":"Farver","de":"Farben","en":"Colors","es":"Colores","fi":"Värit","fr":"Couleurs","hi":"रंग","it":"Colori","ja":"色","ko":"색상","ms":"Warna","nb":"Farger","nl":"Kleuren","pt-BR":"Cores","pt-PT":"Cores","sv":"Färger","th":"สี","zh-CN":"颜色","zh-TW":"色彩"},"settings":[{"type":"header","content":{"da":"Baggrund","de":"Hintergrund","en":"Background","es":"Fondo","fi":"Tausta","fr":"Arrière-plan","hi":"पृष्ठभूमि","it":"Sfondo","ja":"背景","ko":"배경","ms":"Latar belakang","nb":"Bakgrunn","nl":"Achtergrond","pt-BR":"Plano de fundo","pt-PT":"Fundo","sv":"Bakgrund","th":"พื้นหลัง","zh-CN":"背景","zh-TW":"背景"}},{"type":"color","id":"color_topbar_bg","label":{"da":"Baggrund for toppanel","de":"Hintergrund obere Leiste","en":"Top bar background","es":"Fondo de la barra superior","fi":"Yläpalkin tausta","fr":"Arrière-plan de la barre supérieure","hi":"शीर्ष बार पृष्ठभूमि","it":"Sfondo barra in alto","ja":"トップバーの背景","ko":"상단 바 배경","ms":"Latar belakang bar atas","nb":"Bakgrunn for topplinje","nl":"Achtergrond bovenste balk","pt-BR":"Plano de fundo da barra superior","pt-PT":"Fundo da barra superior","sv":"Översta fältets bakgrund","th":"พื้นหลังแถบด้านบน","zh-CN":"顶栏背景","zh-TW":"頂端列背景"},"default":"#204a80"},{"type":"color","id":"color_body_bg","label":{"da":"Baggrund for brødtekst","de":"Textkörperhintergrund","en":"Body background","es":"Fondo del cuerpo","fi":"Näytön pääosan tausta","fr":"Arrière-plan du corps","hi":"बॉडी की पृष्ठभूमि","it":"Sfondo corpo del testo","ja":"本文の背景","ko":"바디 백그라운드","ms":"Latar belakang badan","nb":"Sidebakgrunn","nl":"Achtergrond platte tekst","pt-BR":"Plano de fundo do corpo","pt-PT":"Fundo do corpo","sv":"Brödtextbakgrund","th":"พื้นหลังส่วนเนื้อหา","zh-CN":"正文背景","zh-TW":"本文背景"},"default":"#ffffff"},{"type":"color","id":"color_footer_bg","label":{"da":"Baggrund for sidefod","de":"Fußzeilenhintergrund","en":"Footer background","es":"Fondo del pie de página","fi":"Alatunnisteen tausta","fr":"Arrière-plan du pied de page","hi":"फ़ूटर की पृष्ठभूमि","it":"Sfondo footer","ja":"フッターの背景","ko":"푸터 백그라운드","ms":"Latar belakang pengaki","nb":"Bakgrunn for bunntekst","nl":"Achtergrond voettekst","pt-BR":"Plano de fundo do rodapé","pt-PT":"Fundo do rodapé","sv":"Sidfotsbakgrund","th":"พื้นหลังส่วนท้าย","zh-CN":"页脚背景","zh-TW":"頁尾背景"},"default":"#ffffff"},{"type":"color","id":"color_borders","label":{"da":"Linjer og kanter","de":"Linien und Rahmen","en":"Lines and borders","es":"Líneas y bordes","fi":"Rivit ja reunat","fr":"Lignes et bordures","hi":"लाइन और बॉर्डर","it":"Linee e bordi","ja":"線と罫線","ko":"선 및 테두리","ms":"Garisan dan sempadan","nb":"Linjer og kantlinjer","nl":"Lijnen en randen","pt-BR":"Linhas e bordas","pt-PT":"Linhas e limites","sv":"Linjer och gränser","th":"เส้นและขอบ","zh-CN":"线条和边框","zh-TW":"線條與邊框"},"default":"#e5e5e5"},{"type":"header","content":{"da":"Knapper","de":"Schaltflächen","en":"Buttons","es":"Botones","fi":"Painikkeet","fr":"Boutons","hi":"बटन","it":"Pulsanti","ja":"ボタン","ko":"버튼","ms":"Butang","nb":"Knapper","nl":"Knoppen","pt-BR":"Botões","pt-PT":"Botões","sv":"Knappar","th":"ปุ่ม","zh-CN":"按钮","zh-TW":"按鈕"}},{"type":"color","id":"color_primary","label":{"da":"Knapper og links","de":"Schaltflächen und Links","en":"Buttons and links","es":"Botones y enlaces","fi":"Painikkeet ja linkit","fr":"Boutons et liens","hi":"बटन और लिंक","it":"Pulsanti e link","ja":"ボタンとリンク","ko":"버튼 및 링크","ms":"Butang dan pautan","nb":"Knapper og koblinger","nl":"Knoppen en links","pt-BR":"Botões e links","pt-PT":"Botões e ligações","sv":"Knappar och länkar","th":"ปุ่มและลิงก์","zh-CN":"按钮和链接","zh-TW":"按鈕與連結"},"default":"#204a80"},{"type":"color","id":"color_button_primary_text","label":{"da":"Knaptekst","de":"Schaltflächentext","en":"Button text","es":"Botón de texto","fi":"Painikkeen teksti","fr":"Texte du bouton","hi":"बटन टेक्स्ट","it":"Testo pulsante","ja":"ボタンテキスト","ko":"버튼 텍스트","ms":"Teks butang","nb":"Knapptekst","nl":"Knoptekst","pt-BR":"Texto do botão","pt-PT":"Texto do botão","sv":"Knapptext","th":"ข้อความปุ่ม","zh-CN":"按钮文字","zh-TW":"按鈕文字"},"default":"#ffffff"},{"type":"header","content":{"da":"Tekst","de":"Text","en":"Text","es":"Texto","fi":"Teksti","fr":"Texte","hi":"टेक्स्ट","it":"Testo","ja":"テキスト","ko":"텍스트","ms":"Teks","nb":"Tekst","nl":"Tekst","pt-BR":"Texto","pt-PT":"Texto","sv":"Text","th":"ข้อความ","zh-CN":"文本","zh-TW":"文字"}},{"type":"color","id":"color_topbar_text","label":{"da":"Toppanel","de":"Obere Leiste","en":"Top bar","es":"Barra superior","fi":"Yläpalkki","fr":"Barre supérieure","hi":"शीर्ष बार","it":"Barra in alto","ja":"トップバー","ko":"상단 바","ms":"Bar atas","nb":"Toppfelt","nl":"Bovenste balk","pt-BR":"Barra superior","pt-PT":"Barra superior","sv":"Översta fältet","th":"แถบด้านบน","zh-CN":"顶栏","zh-TW":"頂端列"},"default":"#ffffff"},{"type":"color","id":"color_header_text","label":{"da":"Hovedmenu","de":"Hauptmenü","en":"Main menu","es":"Menú principal","fi":"Päävalikko","fr":"Menu principal","hi":"मुख्य मेनू","it":"Menu principale","ja":"メインメニュー","ko":"주 메뉴","ms":"Menu utama","nb":"Hovedmeny","nl":"Hoofdmenu","pt-BR":"Menu principal","pt-PT":"Menu principal","sv":"Huvudmeny","th":"เมนูหลัก","zh-CN":"主菜单","zh-TW":"主選單"},"default":"#333333"},{"type":"color","id":"color_body_text","label":{"da":"Brødtekst","de":"Nachricht","en":"Body","es":"Cuerpo","fi":"Runko","fr":"Corps","hi":"बॉडी","it":"Corpo","ja":"ボディ","ko":"본문","ms":"Badan","nb":"Brødtekst","nl":"Hoofdtekst","pt-BR":"Corpo","pt-PT":"Corpo","sv":"Brödtext","th":"เนื้อหา","zh-CN":"正文","zh-TW":"正文"},"default":"#333333"},{"type":"color","id":"color_footer_text","label":{"da":"Sidefod","de":"Fußzeile","en":"Footer","es":"Pie de página","fi":"Alatunniste","fr":"Bas de page","hi":"फुटर","it":"Footer","ja":"フッター","ko":"바닥글","ms":"Pengaki","nb":"Footer","nl":"Voettekst","pt-BR":"Rodapé","pt-PT":"Rodapé","sv":"Sidfot","th":"ส่วนท้าย","zh-CN":"页脚","zh-TW":"頁尾"},"default":"#636363"},{"type":"color","id":"color_footer_social_link","label":{"da":"Ikoner for sociale medier og betaling","de":"Social-Media- und Zahlungs-Symbole","en":"Social media and payment icons","es":"Iconos de redes sociales y pago","fi":"Sosiaalisen median ja maksun kuvakkeet","fr":"Icônes de médias sociaux et de paiement","hi":"सोशल मीडिया और भुगतान आइकन","it":"Icone dei social media e di pagamento","ja":"SNSと支払いのアイコン","ko":"소셜 미디오 및 결제 아이콘","ms":"Ikon media sosial dan pembayaran","nb":"Ikoner for sosiale medier og betaling","nl":"Social media en betaalpictogrammen","pt-BR":"Ícones de redes sociais e pagamento","pt-PT":"Ícones de redes sociais e pagamentos","sv":"Sociala medier och betalningsikoner","th":"ไอคอนโซเชียลมีเดียและการชำระเงิน","zh-CN":"社交媒体和付款图标","zh-TW":"社群媒體與付款圖示"},"default":"#bbbbbb"}]},{"name":{"da":"Typografi","de":"Typografie","en":"Typography","es":"Tipografía","fi":"Typografia","fr":"Typographie","hi":"Typography","it":"Caratteri tipografici","ja":"文字体裁","ko":"입력 체계","ms":"Tipografi","nb":"Typografi","nl":"Typografie","pt-BR":"Tipografia","pt-PT":"Tipografia","sv":"Typografi","th":"ตัวพิมพ์","zh-CN":"版式","zh-TW":"印刷樣式"},"settings":[{"type":"header","content":{"da":"Brødtekst","de":"Fließtext","en":"Body text","es":"Texto del cuerpo","fi":"Leipäteksti","fr":"Corps du texte","hi":"मुख्य भाग","it":"Corpo del testo","ja":"本文","ko":"본문 텍스트","ms":"Teks badan","nb":"Brødtekst","nl":"Hoofdtekst","pt-BR":"Corpo do texto","pt-PT":"Corpo de texto","sv":"Brödtext","th":"ข้อความเนื้อหา","zh-CN":"正文文本","zh-TW":"內文"}},{"type":"font_picker","id":"type_base_family","label":{"da":"Skrifttype","de":"Schriftart","en":"Font","es":"Fuente","fi":"Fontti","fr":"Police","hi":"फ़ॉन्ट","it":"Font","ja":"フォント","ko":"폰트","ms":"Fon","nb":"Skrifttype","nl":"Lettertype","pt-BR":"Fonte","pt-PT":"Tipo de letra","sv":"Typsnitt","th":"แบบอักษร","zh-CN":"字体","zh-TW":"字型"},"default":"helvetica_n4"},{"type":"select","id":"type_base_size","label":{"da":"Basisstørrelse","de":"Basisgröße","en":"Base size","es":"Tamaño de base","fi":"Peruskoko","fr":"Taille de base","hi":"मूल आकार","it":"Dimensione base","ja":"ベースサイズ","ko":"기본 사이즈","ms":"Saiz asas","nb":"Grunnstørrelse","nl":"Basisafmeting","pt-BR":"Tamanho básico","pt-PT":"Tamanho básico","sv":"Basstorlek","th":"ขนาดพื้นฐาน","zh-CN":"基本尺寸","zh-TW":"基本尺寸"},"options":[{"value":"12px","label":{"da":"12 px","de":"12px","en":"12px","es":"12px","fi":"12 px","fr":"12 px","hi":"12पिक्सेल","it":"12 px","ja":"12ピクセル","ko":"12픽셀","ms":"12px","nb":"12px","nl":"12px","pt-BR":"12px","pt-PT":"12 px","sv":"12 px","th":"12px","zh-CN":"12 px","zh-TW":"12px"}},{"value":"13px","label":{"da":"13 px","de":"13px","en":"13px","es":"13px","fi":"13 px","fr":"13 px","hi":"13पिक्सेल","it":"13 px","ja":"13ピクセル","ko":"13픽셀","ms":"13px","nb":"13px","nl":"13px","pt-BR":"13px","pt-PT":"13 px","sv":"13 px","th":"13px","zh-CN":"13 px","zh-TW":"13px"}},{"value":"14px","label":{"da":"14 px","de":"14px","en":"14px","es":"14px","fi":"14 pikseliä","fr":"14 px","hi":"14 पिक्सेल","it":"14 px","ja":"14ピクセル","ko":"14픽셀","ms":"14px","nb":"14px","nl":"14px","pt-BR":"14px","pt-PT":"14 px","sv":"14 px","th":"14 พิกเซล","zh-CN":"14 px","zh-TW":"14px"}},{"value":"15px","label":{"da":"15 px","de":"15px","en":"15px","es":"15px","fi":"15 pikseliä","fr":"15 px","hi":"15 पिक्सेल","it":"15 px","ja":"15ピクセル","ko":"15픽셀","ms":"15px","nb":"15px","nl":"15px","pt-BR":"15px","pt-PT":"15 px","sv":"15 px","th":"15 พิกเซล","zh-CN":"15 px","zh-TW":"15px"}},{"value":"16px","label":{"da":"16 px","de":"16px","en":"16px","es":"16px","fi":"16 pikseliä","fr":"16 px","hi":"16 पिक्सेल","it":"16 px","ja":"16ピクセル","ko":"16픽셀","ms":"16px","nb":"16px","nl":"16px","pt-BR":"16px","pt-PT":"16 px","sv":"16 px","th":"16 พิกเซล","zh-CN":"16 px","zh-TW":"16px"}},{"value":"17px","label":{"da":"17 px","de":"17px","en":"17px","es":"17px","fi":"17 pikseliä","fr":"17 px","hi":"17 पिक्सेल","it":"17 px","ja":"17ピクセル","ko":"17픽셀","ms":"17px","nb":"17px","nl":"17px","pt-BR":"17px","pt-PT":"17 px","sv":"17 px","th":"17 พิกเซล","zh-CN":"17 px","zh-TW":"17px"}}]},{"type":"header","content":{"da":"Overskrifter","de":"Überschriften","en":"Headings","es":"Títulos","fi":"Otsikot","fr":"Titres","hi":"शीर्षक","it":"Titoli","ja":"見出し","ko":"제목","ms":"Tajuk","nb":"Overskrifter","nl":"Koppen","pt-BR":"Títulos","pt-PT":"Títulos","sv":"Rubriker","th":"ส่วนหัว","zh-CN":"标题","zh-TW":"標題"}},{"type":"font_picker","id":"type_header_family","label":{"da":"Skrifttype","de":"Schriftart","en":"Font","es":"Fuente","fi":"Fontti","fr":"Police","hi":"फ़ॉन्ट","it":"Font","ja":"フォント","ko":"글꼴","ms":"Fon","nb":"Skrifttype","nl":"Lettertype","pt-BR":"Fonte","pt-PT":"Tipo de letra","sv":"Typsnitt","th":"แบบอักษร","zh-CN":"字体","zh-TW":"字型"},"default":"crimson_text_n7"},{"type":"select","id":"type_header_size","label":{"da":"Basisstørrelse","de":"Basisgröße","en":"Base size","es":"Tamaño de base","fi":"Peruskoko","fr":"Taille de base","hi":"मूल आकार","it":"Dimensione base","ja":"ベースサイズ","ko":"기본 사이즈","ms":"Saiz asas","nb":"Grunnstørrelse","nl":"Basisafmeting","pt-BR":"Tamanho básico","pt-PT":"Tamanho básico","sv":"Basstorlek","th":"ขนาดพื้นฐาน","zh-CN":"基本尺寸","zh-TW":"基本尺寸"},"default":"32px","options":[{"value":"26px","label":{"da":"26 px","de":"26px","en":"26px","es":"26px","fi":"26 pikseliä","fr":"26 px","hi":"26 पिक्सेल","it":"26 px","ja":"26ピクセル","ko":"26픽셀","ms":"26px","nb":"26px","nl":"26px","pt-BR":"26px","pt-PT":"26 px","sv":"26 px","th":"26 พิกเซล","zh-CN":"26 px","zh-TW":"26 像素"}},{"value":"28px","label":{"da":"28 px","de":"28px","en":"28px","es":"28px","fi":"28 pikseliä","fr":"28 px","hi":"28 पिक्सेल","it":"28 px","ja":"28ピクセル","ko":"28픽셀","ms":"28px","nb":"28px","nl":"28px","pt-BR":"28px","pt-PT":"28 px","sv":"28 px","th":"28 พิกเซล","zh-CN":"28 px","zh-TW":"28 像素"}},{"value":"30px","label":{"da":"30 px","de":"30px","en":"30px","es":"30px","fi":"30 px","fr":"30 px","hi":"30पिक्सेल","it":"30 px","ja":"30ピクセル","ko":"30픽셀","ms":"30px","nb":"30px","nl":"30px","pt-BR":"30px","pt-PT":"30 px","sv":"30 px","th":"30px","zh-CN":"30 px","zh-TW":"30 像素"}},{"value":"32px","label":{"da":"32 px","de":"32px","en":"32px","es":"32px","fi":"32 px","fr":"32 px","hi":"32पिक्सेल","it":"32 px","ja":"32ピクセル","ko":"32픽셀","ms":"32px","nb":"32px","nl":"32px","pt-BR":"32px","pt-PT":"32 px","sv":"32 px","th":"32px","zh-CN":"32 px","zh-TW":"32 像素"}},{"value":"34px","label":{"da":"34 px","de":"34px","en":"34px","es":"34px","fi":"34 px","fr":"34 px","hi":"34पिक्सेल","it":"34 px","ja":"34ピクセル","ko":"34픽셀","ms":"34px","nb":"34px","nl":"34px","pt-BR":"34px","pt-PT":"34 px","sv":"34 px","th":"34px","zh-CN":"34 px","zh-TW":"34 像素"}},{"value":"36px","label":{"da":"36 px","de":"36px","en":"36px","es":"36px","fi":"36 px","fr":"36 px","hi":"36पिक्सेल","it":"36 px","ja":"36ピクセル","ko":"36픽셀","ms":"36px","nb":"36px","nl":"36px","pt-BR":"36px","pt-PT":"36 px","sv":"36 px","th":"36px","zh-CN":"36 px","zh-TW":"36 像素"}}]},{"type":"header","content":{"da":"Navigation og knapper","de":"Navigations- und Schaltflächen","en":"Navigation and buttons","es":"Navegación y botones","fi":"Navigointi ja painikkeet","fr":"Navigation et boutons","hi":"नेविगेशन और बटन","it":"Navigazione e pulsanti","ja":"ナビゲーションとボタン","ko":"탐색 및 버튼","ms":"Navigasi dan butang","nb":"Navigasjon og knapper","nl":"Navigatie en knoppen","pt-BR":"Navegação e botões","pt-PT":"Navegação e botões","sv":"Navigering och knappar","th":"การนำทางและปุ่ม","zh-CN":"网站地图和按钮","zh-TW":"導覽與按鈕"}},{"type":"font_picker","id":"type_accent_family","label":{"da":"Skrifttype","de":"Schriftart","en":"Font","es":"Fuente","fi":"Fontti","fr":"Police","hi":"फ़ॉन्ट","it":"Font","ja":"フォント","ko":"글꼴","ms":"Fon","nb":"Skrifttype","nl":"Lettertype","pt-BR":"Fonte","pt-PT":"Tipo de letra","sv":"Typsnitt","th":"แบบอักษร","zh-CN":"字体","zh-TW":"字型"},"default":"pt_sans_n7"},{"type":"select","id":"type_accent_size","label":{"da":"Størrelse","de":"Größe","en":"Size","es":"Tamaño","fi":"Koko","fr":"Taille","hi":"आकार","it":"Misura","ja":"サイズ","ko":"사이즈","ms":"Saiz","nb":"Størrelse","nl":"Grootte","pt-BR":"Tamanho","pt-PT":"Tamanho","sv":"Storlek","th":"ขนาด","zh-CN":"大小","zh-TW":"尺寸"},"default":"16px","options":[{"value":"12px","label":{"da":"12 px","de":"12px","en":"12px","es":"12px","fi":"12 px","fr":"12 px","hi":"12पिक्सेल","it":"12 px","ja":"12ピクセル","ko":"12픽셀","ms":"12px","nb":"12px","nl":"12px","pt-BR":"12px","pt-PT":"12 px","sv":"12 px","th":"12px","zh-CN":"12 px","zh-TW":"12px"}},{"value":"13px","label":{"da":"13 px","de":"13px","en":"13px","es":"13px","fi":"13 px","fr":"13 px","hi":"13पिक्सेल","it":"13 px","ja":"13ピクセル","ko":"13픽셀","ms":"13px","nb":"13px","nl":"13px","pt-BR":"13px","pt-PT":"13 px","sv":"13 px","th":"13px","zh-CN":"13 px","zh-TW":"13px"}},{"value":"14px","label":{"da":"14 px","de":"14px","en":"14px","es":"14px","fi":"14 pikseliä","fr":"14 px","hi":"14 पिक्सेल","it":"14 px","ja":"14ピクセル","ko":"14픽셀","ms":"14px","nb":"14px","nl":"14px","pt-BR":"14px","pt-PT":"14 px","sv":"14 px","th":"14 พิกเซล","zh-CN":"14 px","zh-TW":"14px"}},{"value":"15px","label":{"da":"15 px","de":"15px","en":"15px","es":"15px","fi":"15 pikseliä","fr":"15 px","hi":"15 पिक्सेल","it":"15 px","ja":"15ピクセル","ko":"15픽셀","ms":"15px","nb":"15px","nl":"15px","pt-BR":"15px","pt-PT":"15 px","sv":"15 px","th":"15 พิกเซล","zh-CN":"15 px","zh-TW":"15px"}},{"value":"16px","label":{"da":"16 px","de":"16px","en":"16px","es":"16px","fi":"16 pikseliä","fr":"16 px","hi":"16 पिक्सेल","it":"16 px","ja":"16ピクセル","ko":"16픽셀","ms":"16px","nb":"16px","nl":"16px","pt-BR":"16px","pt-PT":"16 px","sv":"16 px","th":"16 พิกเซล","zh-CN":"16 px","zh-TW":"16px"}},{"value":"17px","label":{"da":"17 px","de":"17px","en":"17px","es":"17px","fi":"17 pikseliä","fr":"17 px","hi":"17 पिक्सेल","it":"17 px","ja":"17ピクセル","ko":"17픽셀","ms":"17px","nb":"17px","nl":"17px","pt-BR":"17px","pt-PT":"17 px","sv":"17 px","th":"17 พิกเซล","zh-CN":"17 px","zh-TW":"17px"}},{"value":"18px","label":{"da":"18 px","de":"18px","en":"18px","es":"18px","fi":"18 pikseliä","fr":"18 px","hi":"18 पिक्सेल","it":"18 px","ja":"18ピクセル","ko":"18픽셀","ms":"18px","nb":"18px","nl":"18px","pt-BR":"18px","pt-PT":"18 px","sv":"18 px","th":"18 พิกเซล","zh-CN":"18 px","zh-TW":"18px"}},{"value":"20px","label":{"da":"20 px","de":"20px","en":"20px","es":"20px","fi":"20 pikseliä","fr":"20 px","hi":"20 पिक्सेल","it":"20 px","ja":"20ピクセル","ko":"20픽셀","ms":"20px","nb":"20px","nl":"20px","pt-BR":"20px","pt-PT":"20 px","sv":"20 px","th":"20 พิกเซล","zh-CN":"20 px","zh-TW":"20 像素"}},{"value":"22px","label":{"da":"22 px","de":"22px","en":"22px","es":"22px","fi":"22 pikseliä","fr":"22 px","hi":"22 पिक्सेल","it":"22 px","ja":"22ピクセル","ko":"22픽셀","ms":"22px","nb":"22px","nl":"22px","pt-BR":"22px","pt-PT":"22 px","sv":"22 px","th":"22 พิกเซล","zh-CN":"22 px","zh-TW":"22 像素"}},{"value":"24px","label":{"da":"24 px","de":"24px","en":"24px","es":"24px","fi":"24 pikseliä","fr":"24 px","hi":"24 पिक्सेल","it":"24 px","ja":"24ピクセル","ko":"24픽셀","ms":"24px","nb":"24px","nl":"24px","pt-BR":"24px","pt-PT":"24 px","sv":"24 px","th":"24 พิกเซล","zh-CN":"24 px","zh-TW":"24 像素"}},{"value":"26px","label":{"da":"26 px","de":"26px","en":"26px","es":"26px","fi":"26 pikseliä","fr":"26 px","hi":"26 पिक्सेल","it":"26 px","ja":"26ピクセル","ko":"26픽셀","ms":"26px","nb":"26px","nl":"26px","pt-BR":"26px","pt-PT":"26 px","sv":"26 px","th":"26 พิกเซล","zh-CN":"26 px","zh-TW":"26 像素"}},{"value":"28px","label":{"da":"28 px","de":"28px","en":"28px","es":"28px","fi":"28 pikseliä","fr":"28 px","hi":"28 पिक्सेल","it":"28 px","ja":"28ピクセル","ko":"28픽셀","ms":"28px","nb":"28px","nl":"28px","pt-BR":"28px","pt-PT":"28 px","sv":"28 px","th":"28 พิกเซล","zh-CN":"28 px","zh-TW":"28 像素"}},{"value":"30px","label":{"da":"30 px","de":"30px","en":"30px","es":"30px","fi":"30 px","fr":"30 px","hi":"30पिक्सेल","it":"30 px","ja":"30ピクセル","ko":"30픽셀","ms":"30px","nb":"30px","nl":"30px","pt-BR":"30px","pt-PT":"30 px","sv":"30 px","th":"30px","zh-CN":"30 px","zh-TW":"30 像素"}},{"value":"32px","label":{"da":"32 px","de":"32px","en":"32px","es":"32px","fi":"32 px","fr":"32 px","hi":"32पिक्सेल","it":"32 px","ja":"32ピクセル","ko":"32픽셀","ms":"32px","nb":"32px","nl":"32px","pt-BR":"32px","pt-PT":"32 px","sv":"32 px","th":"32px","zh-CN":"32 px","zh-TW":"32 像素"}},{"value":"34px","label":{"da":"34 px","de":"34px","en":"34px","es":"34px","fi":"34 px","fr":"34 px","hi":"34पिक्सेल","it":"34 px","ja":"34ピクセル","ko":"34픽셀","ms":"34px","nb":"34px","nl":"34px","pt-BR":"34px","pt-PT":"34 px","sv":"34 px","th":"34px","zh-CN":"34 px","zh-TW":"34 像素"}},{"value":"36px","label":{"da":"36 px","de":"36px","en":"36px","es":"36px","fi":"36 px","fr":"36 px","hi":"36पिक्सेल","it":"36 px","ja":"36ピクセル","ko":"36픽셀","ms":"36px","nb":"36px","nl":"36px","pt-BR":"36px","pt-PT":"36 px","sv":"36 px","th":"36px","zh-CN":"36 px","zh-TW":"36 像素"}}]},{"type":"checkbox","id":"type_accent_transform","label":{"da":"Skriv teksten med store bogstaver","de":"Text groß schreiben","en":"Capitalize text","es":"Poner texto en mayúsculas","fi":"Kirjoita isoilla kirjaimilla","fr":"Mettre le texte en majuscules","hi":"पाठ को बड़ा करें","it":"Testo maiuscolo","ja":"テキストを大文字にする","ko":"대문자 표기","ms":"Teks huruf besar","nb":"Kapitaliser tekst","nl":"Tekst kapitaliseren","pt-BR":"Texto em maiúscula","pt-PT":"Colocar texto em maiúsculas","sv":"Skriv text med versal","th":"ใช้อักษรตัวพิมพ์ใหญ่","zh-CN":"大写文本","zh-TW":"將文字大寫"}},{"type":"checkbox","id":"type_accent_spacing","label":{"da":"Lav afstand mellem bogstaver","de":"Leerzeichen","en":"Space letters","es":"Espaciar letras","fi":"Harvenna kirjainvälejä","fr":"Espacer les lettres","hi":"स्पेस लेटर","it":"Distanzia lettere","ja":"文字の隙間を入れる","ko":"자간","ms":"Jarak huruf","nb":"Plass mellom bokstaver","nl":"Spatie letters","pt-BR":"Espaçar letras","pt-PT":"Espaçar letras","sv":"Mellanslag","th":"ตัวเว้นช่องว่าง","zh-CN":"隔开字母","zh-TW":"在字母間空格"}}]},{"name":{"da":"Favicon","de":"Favicon","en":"Favicon","es":"Favicon","fi":"Favicon","fr":"Favicon","hi":"Favicon","it":"Favicon","ja":"ファビコン","ko":"Favicon","ms":"Favicon","nb":"Favicon","nl":"Favicon","pt-BR":"Favicon","pt-PT":"Favicon","sv":"Favicon","th":"Favicon","zh-CN":"网站图标","zh-TW":"Favicon"},"settings":[{"type":"image_picker","id":"favicon","label":{"da":"Favicon-billede","de":"Favicon-Bild","en":"Favicon image","es":"Imagen de favicon","fi":"Favicon-kuva","fr":"Image favicon","hi":"favicon इमेज","it":"Immagine favicon","ja":"ファビコン画像","ko":"파비콘 이미지","ms":"Imej favicon","nb":"Favicon-bilde","nl":"Favicon-afbeelding","pt-BR":"Imagem favicon","pt-PT":"Imagem Favicon","sv":"Favicon-bild","th":"รูปภาพ Favicon","zh-CN":"网站图标图片","zh-TW":"Favicon 圖片"},"info":{"da":"Skaleres ned til 32 x 32 px","de":"Wird auf 32 x 32 Pixel verkleinert","en":"Will be scaled down to 32 x 32px","es":"Se reducirá a 32 x 32px","fi":"Skaalataan 32 x 32 pikseliin","fr":"Sera réduite à 32 x 32 px","hi":"32 x 32 पिक्सेल के आकार का कर दिया जाएगा","it":"Verrà ridimensionata a 32 x 32 pixel.","ja":"32×32ピクセルに縮小されます。","ko":"32x32 픽셀로 축소됩니다.","ms":"Akan dikecilkan kepada 32 x 32px","nb":"Vil skaleres ned til 32 x 32 px","nl":"Wordt verkleind tot 32x32 pixels","pt-BR":"será reduzida para 32 x 32 pixels","pt-PT":"Será reduzida para 32 x 32 px","sv":"Kommer skalas ned till 32 x 32 px","th":"จะถูกลดขนาดลงเป็น 32 x 32 พิกเซล","zh-CN":"将缩小到 32 x 32px","zh-TW":"將會縮小為 32 x 32 像素"}}]},{"name":{"da":"Sociale medier","de":"Social Media","en":"Social media","es":"Redes sociales","fi":"Sosiaalinen media","fr":"Médias sociaux","hi":"सोशल मीडिया","it":"Social media","ja":"SNS","ko":"소셜 미디어","ms":"Media sosial","nb":"Sosiale medier","nl":"Sociale media","pt-BR":"Redes sociais","pt-PT":"Redes sociais","sv":"Sociala medier","th":"โซเชียลมีเดีย","zh-CN":"社交媒体","zh-TW":"社交媒體"},"settings":[{"type":"header","content":{"da":"Billede til deling på sociale medier","de":"Social-Sharing-Bild","en":"Social sharing image","es":"Imagen para redes sociales","fi":"Sosiaalisen median jakamiskuva","fr":"Image de partage social","hi":"सोशल शेयरिंग इमेज","it":"Immagine per condivisione social","ja":"SNSでシェアする画像","ko":"소셜 공유 이미지","ms":"Imej perkongsian sosial","nb":"Bilde for deling på sosiale medier","nl":"Afbeelding voor delen via social media.","pt-BR":"Imagem de compartilhamento social","pt-PT":"Imagem de partilha nas redes sociais","sv":"Bild för social delning","th":"รูปภาพสำหรับแชร์ลงโซเชียล","zh-CN":"社交分享图片","zh-TW":"社群分享圖示"}},{"type":"image_picker","id":"share_image","label":{"da":"Billede","de":"Foto","en":"Image","es":"Imagen","fi":"Kuva","fr":"Image","hi":"इमेज","it":"Immagine","ja":"画像","ko":"이미지","ms":"Imej","nb":"Bilde","nl":"Afbeelding","pt-BR":"Imagem","pt-PT":"Imagem","sv":"Bild","th":"รูปภาพ","zh-CN":"图片","zh-TW":"圖片"},"info":{"da":"Vis ved deling af link på sociale medier. [Få mere at vide](https:\/\/help.shopify.com\/manual\/using-themes\/troubleshooting\/showing-social-media-thumbnail-images\/) om miniminiaturebilleder.","de":"Wird angezeigt, wenn ein Link in den sozialen Medien geteilt wird. [Mehr Infos](https:\/\/help.shopify.com\/manual\/using-themes\/troubleshooting\/showing-social-media-thumbnail-images\/) über Bild-Miniaturansichten.","en":"Shown when sharing a link on social media. [Learn more](https:\/\/help.shopify.com\/manual\/using-themes\/troubleshooting\/showing-social-media-thumbnail-images\/) about image thumbnails.","es":"Aparece cuando se comparte un enlace en una red social. [Más información](https:\/\/help.shopify.com\/manual\/using-themes\/troubleshooting\/showing-social-media-thumbnail-images\/) acerca de las miniaturas","fi":"Näkyy, kun jaat linkin sosiaaliseen mediaan. [Lisätietoja](https:\/\/help.shopify.com\/manual\/using-themes\/troubleshooting\/showing-social-media-thumbnail-images\/) tietoa pikkukuvista.","fr":"Affichée lorsqu'un lien est partagé sur les réseaux sociaux. [En savoir plus](https:\/\/help.shopify.com\/manual\/using-themes\/troubleshooting\/showing-social-media-thumbnail-images\/) sur les images miniatures.","hi":"सोशल मीडिया पर लिंक शेयर करते समय दिखाना. [अधिक जानें](https:\/\/help.shopify.com\/manual\/using-themes\/troubleshooting\/showing-social-media-thumbnail-images\/) इमेज थंबनेल के बारे","it":"Mostrata quando si condivide un link sui social media. [Maggiori informazioni](https:\/\/help.shopify.com\/manual\/using-themes\/troubleshooting\/showing-social-media-thumbnail-images\/) sulle immagini di anteprima.","ja":"SNSでリンクがシェアされると表示されます。[詳細情報](https:\/\/help.shopify.com\/manual\/using-themes\/troubleshooting\/showing-social-media-thumbnail-images\/)画像のサムネイルについては、上のリンクを参照してください。","ko":"소셜 미디어에서 링크 공유 시 표시 [자세히 보기](https:\/\/help.shopify.com\/manual\/using-themes\/troubleshooting\/showing-social-media-thumbnail-images\/) 이미지 썸네일에 대해","ms":"Ditunjukkan apabila berkongsi pautan di media sosial. [Ketahui lebih lanjut](https:\/\/help.shopify.com\/manual\/using-themes\/troubleshooting\/showing-social-media-thumbnail-images\/) tentang imej kecil imej.","nb":"Vist når en kobling deles i sosiale medier. [Finn ut mer](https:\/\/help.shopify.com\/manual\/using-themes\/troubleshooting\/showing-social-media-thumbnail-images\/) om miniatyrbilder.","nl":"Wordt weergegeven wanneer u een link deelt via social media. [Meer informatie](https:\/\/help.shopify.com\/manual\/using-themes\/troubleshooting\/showing-social-media-thumbnail-images\/) over miniatuurafbeeldingen.","pt-BR":"Apresentada ao compartilhar um link nas redes sociais. [Saiba mais](https:\/\/help.shopify.com\/manual\/using-themes\/troubleshooting\/showing-social-media-thumbnail-images\/) sobre miniaturas de imagens.","pt-PT":"Apresentada ao partilhar uma ligação nas redes sociais. [Saiba mais](https:\/\/help.shopify.com\/manual\/using-themes\/troubleshooting\/showing-social-media-thumbnail-images\/) sobre miniaturas de imagem.","sv":"Visas när du delar en länk på sociala medier. [Läs mer](https:\/\/help.shopify.com\/manual\/using-themes\/troubleshooting\/showing-social-media-thumbnail-images\/) om miniatyrbilder.","th":"แสดงเมื่อแชร์ลิงก์บนโซเชียลมีเดีย [ดูข้อมูลเพิ่มเติม](https:\/\/help.shopify.com\/manual\/using-themes\/troubleshooting\/showing-social-media-thumbnail-images\/) เกี่ยวกับรูปภาพขนาดย่อ","zh-CN":"在社交媒体上分享链接时显示。[了解有关图片缩略图的详细信息](https:\/\/help.shopify.com\/manual\/using-themes\/troubleshooting\/showing-social-media-thumbnail-images\/)。","zh-TW":"在社群媒體上分享連結時顯示。[深入瞭解](https:\/\/help.shopify.com\/manual\/using-themes\/troubleshooting\/showing-social-media-thumbnail-images\/)圖片縮圖的相關資訊。"}},{"type":"header","content":{"da":"Konti","de":"Konten","en":"Accounts","es":"Cuentas","fi":"Tilit","fr":"Comptes","hi":"खाते","it":"Account","ja":"アカウント","ko":"계정","ms":"Akaun","nb":"Kontoer","nl":"Accounts","pt-BR":"Contas","pt-PT":"Contas","sv":"Konton","th":"บัญชี","zh-CN":"帐户","zh-TW":"帳戶"}},{"type":"text","id":"social_twitter_link","label":{"da":"Twitter","de":"Twitter","en":"Twitter","es":"Twitter","fi":"Twitter","fr":"Twitter","hi":"Twitter","it":"Twitter","ja":"Twitter","ko":"Twitter","ms":"Twitter","nb":"Twitter","nl":"Twitter","pt-BR":"Twitter","pt-PT":"Twitter","sv":"Twitter","th":"Twitter","zh-CN":"Twitter","zh-TW":"Twitter"},"info":{"da":"https:\/\/twitter.com\/shopify","de":"https:\/\/twitter.com\/shopify","en":"https:\/\/twitter.com\/shopify","es":"https:\/\/twitter.com\/shopify","fi":"https:\/\/twitter.com\/shopify","fr":"https:\/\/twitter.com\/shopify","hi":"https:\/\/twitter.com\/shopify","it":"https:\/\/twitter.com\/shopify","ja":"https:\/\/twitter.com\/shopify","ko":"https:\/\/twitter.com\/shopify","ms":"https:\/\/twitter.com\/shopify","nb":"https:\/\/twitter.com\/shopify","nl":"https:\/\/twitter.com\/shopify","pt-BR":"https:\/\/twitter.com\/shopify","pt-PT":"https:\/\/twitter.com\/shopify","sv":"https:\/\/twitter.com\/shopify","th":"https:\/\/twitter.com\/shopify","zh-CN":"https:\/\/twitter.com\/shopify","zh-TW":"https:\/\/twitter.com\/shopify"}},{"type":"text","id":"social_facebook_link","label":{"da":"Facebook","de":"Facebook","en":"Facebook","es":"Facebook","fi":"Facebook","fr":"Facebook","hi":"Facebook","it":"Facebook","ja":"Facebook","ko":"Facebook","ms":"Facebook","nb":"Facebook","nl":"Facebook","pt-BR":"Facebook","pt-PT":"Facebook","sv":"Facebook","th":"Facebook","zh-CN":"Facebook","zh-TW":"Facebook"},"info":{"da":"https:\/\/www.facebook.com\/shopify","de":"https:\/\/www.facebook.com\/shopify","en":"https:\/\/www.facebook.com\/shopify","es":"https:\/\/www.facebook.com\/shopify","fi":"https:\/\/www.facebook.com\/shopify","fr":"https:\/\/www.facebook.com\/shopify","hi":"https:\/\/www.facebook.com\/shopify","it":"https:\/\/www.facebook.com\/shopify","ja":"https:\/\/www.facebook.com\/shopify","ko":"https:\/\/www.facebook.com\/shopify","ms":"https:\/\/www.facebook.com\/shopify","nb":"https:\/\/www.facebook.com\/shopify","nl":"https:\/\/www.facebook.com\/shopify","pt-BR":"https:\/\/www.facebook.com\/shopify","pt-PT":"https:\/\/www.facebook.com\/shopify","sv":"https:\/\/www.facebook.com\/shopify","th":"https:\/\/www.facebook.com\/shopify","zh-CN":"https:\/\/www.facebook.com\/shopify","zh-TW":"https:\/\/www.facebook.com\/shopify"}},{"type":"text","id":"social_pinterest_link","label":{"da":"Pinterest","de":"Pinterest","en":"Pinterest","es":"Pinterest","fi":"Pinterest","fr":"Pinterest","hi":"Pinterest","it":"Pinterest","ja":"Pinterest","ko":"Pinterest","ms":"Pinterest","nb":"Pinterest","nl":"Pinterest","pt-BR":"Pinterest","pt-PT":"Pinterest","sv":"Pinterest","th":"Pinterest","zh-CN":"Pinterest","zh-TW":"Pinterest"},"info":{"da":"https:\/\/www.pinterest.com\/shopify","de":"https:\/\/www.pinterest.com\/shopify","en":"https:\/\/www.pinterest.com\/shopify","es":"https:\/\/www.pinterest.com\/shopify","fi":"https:\/\/www.pinterest.com\/shopify","fr":"https:\/\/www.pinterest.com\/shopify","hi":"https:\/\/www.pinterest.com\/shopify","it":"https:\/\/www.pinterest.com\/shopify","ja":"https:\/\/www.pinterest.com\/shopify","ko":"https:\/\/www.pinterest.com\/shopify","ms":"https:\/\/www.pinterest.com\/shopify","nb":"https:\/\/www.pinterest.com\/shopify","nl":"https:\/\/www.pinterest.com\/shopify","pt-BR":"https:\/\/www.pinterest.com\/shopify","pt-PT":"https:\/\/www.pinterest.com\/shopify","sv":"https:\/\/www.pinterest.com\/shopify","th":"https:\/\/www.pinterest.com\/shopify","zh-CN":"https:\/\/www.pinterest.com\/shopify","zh-TW":"https:\/\/www.pinterest.com\/shopify"}},{"type":"text","id":"social_google_plus_link","label":{"da":"Google Plus","de":"Google Plus","en":"Google Plus","es":"Google Plus","fi":"Google Plus","fr":"Google Plus","hi":"Google Plus","it":"Google Plus","ja":"Google Plus","ko":"Google 플러스","ms":"Google Plus","nb":"Google Plus","nl":"Google Plus","pt-BR":"Google Plus","pt-PT":"Google Plus","sv":"Google Plus","th":"Google Plus","zh-CN":"Google Plus","zh-TW":"Google Plus"},"info":{"da":"https:\/\/plus.google.com\/+shopify","de":"https:\/\/plus.google.com\/+shopify","en":"https:\/\/plus.google.com\/+shopify","es":"https:\/\/plus.google.com\/+shopify","fi":"https:\/\/plus.google.com\/+shopify","fr":"https:\/\/plus.google.com\/+shopify","hi":"https:\/\/plus.google.com\/+shopify","it":"https:\/\/plus.google.com\/+shopify","ja":"https:\/\/plus.google.com\/+shopify","ko":"https:\/\/plus.google.com\/+shopify","ms":"https:\/\/plus.google.com\/+shopify","nb":"https:\/\/plus.google.com\/+shopify","nl":"https:\/\/plus.google.com\/+shopify","pt-BR":"https:\/\/plus.google.com\/+shopify","pt-PT":"https:\/\/plus.google.com\/+shopify","sv":"https:\/\/plus.google.com\/+shopify","th":"https:\/\/plus.google.com\/+shopify","zh-CN":"https:\/\/plus.google.com\/+shopify","zh-TW":"https:\/\/plus.google.com\/+shopify"}},{"type":"text","id":"social_instagram_link","label":{"da":"Instagram","de":"Instagram","en":"Instagram","es":"Instagram","fi":"Instagram","fr":"Instagram","hi":"Instagram","it":"Instagram","ja":"Instagram","ko":"Instagram","ms":"Instagram","nb":"Instagram","nl":"Instagram","pt-BR":"Instagram","pt-PT":"Instagram","sv":"Instagram","th":"Instagram","zh-CN":"Instagram","zh-TW":"Instagram"},"info":{"da":"https:\/\/instagram.com\/shopify","de":"https:\/\/instagram.com\/shopify","en":"https:\/\/instagram.com\/shopify","es":"https:\/\/instagram.com\/shopify","fi":"https:\/\/instagram.com\/shopify","fr":"https:\/\/instagram.com\/shopify","hi":"https:\/\/instagram.com\/shopify","it":"https:\/\/instagram.com\/shopify","ja":"https:\/\/instagram.com\/shopify","ko":"https:\/\/instagram.com\/shopify","ms":"https:\/\/instagram.com\/shopify","nb":"https:\/\/instagram.com\/shopify","nl":"https:\/\/instagram.com\/shopify","pt-BR":"https:\/\/instagram.com\/shopify","pt-PT":"https:\/\/instagram.com\/shopify","sv":"https:\/\/instagram.com\/shopify","th":"https:\/\/instagram.com\/shopify","zh-CN":"https:\/\/instagram.com\/shopify","zh-TW":"https:\/\/instagram.com\/shopify"}},{"type":"text","id":"social_snapchat_link","label":{"da":"Snapchat","de":"Snapchat","en":"Snapchat","es":"Snapchat","fi":"Snapchat","fr":"Snapchat","hi":"Snapchat","it":"Snapchat","ja":"Snapchat","ko":"Snapchat","ms":"Snapchat","nb":"Snapchat","nl":"Snapchat","pt-BR":"Snapchat","pt-PT":"Snapchat","sv":"Snapchat","th":"Snapchat","zh-CN":"Snapchat","zh-TW":"Snapchat"},"info":{"da":"https:\/\/snapchat.com\/add\/shopify","de":"https:\/\/snapchat.com\/add\/shopify","en":"https:\/\/snapchat.com\/add\/shopify","es":"https:\/\/snapchat.com\/add\/shopify","fi":"https:\/\/snapchat.com\/add\/shopify","fr":"https:\/\/snapchat.com\/add\/shopify","hi":"https:\/\/snapchat.com\/add\/shopify","it":"https:\/\/snapchat.com\/add\/shopify","ja":"https:\/\/snapchat.com\/add\/shopify","ko":"https:\/\/snapchat.com\/add\/shopify","ms":"https:\/\/snapchat.com\/add\/shopify","nb":"https:\/\/snapchat.com\/add\/shopify","nl":"https:\/\/snapchat.com\/add\/shopify","pt-BR":"https:\/\/www.snapchat.com\/add\/shopify","pt-PT":"https:\/\/snapchat.com\/add\/shopify","sv":"https:\/\/snapchat.com\/add\/shopify","th":"https:\/\/snapchat.com\/add\/shopify","zh-CN":"https:\/\/snapchat.com\/add\/shopify","zh-TW":"https:\/\/snapchat.com\/add\/shopify"}},{"type":"text","id":"social_tumblr_link","label":{"da":"Tumblr","de":"Tumblr","en":"Tumblr","es":"Tumblr","fi":"Tumblr","fr":"Tumblr","hi":"Tumblr","it":"Tumblr","ja":"Tumblr","ko":"Tumblr","ms":"Tumblr","nb":"Tumblr","nl":"Tumblr","pt-BR":"Tumblr","pt-PT":"Tumblr","sv":"Tumblr","th":"Tumblr","zh-CN":"Tumblr","zh-TW":"Tumblr"},"info":{"da":"http:\/\/shopify.tumblr.com","de":"http:\/\/shopify.tumblr.com","en":"http:\/\/shopify.tumblr.com","es":"http:\/\/shopify.tumblr.com","fi":"http:\/\/shopify.tumblr.com","fr":"http:\/\/shopify.tumblr.com","hi":"http:\/\/shopify.tumblr.com","it":"http:\/\/shopify.tumblr.com","ja":"http:\/\/shopify.tumblr.com","ko":"http:\/\/shopify.tumblr.com","ms":"http:\/\/shopify.tumblr.com","nb":"http:\/\/shopify.tumblr.com","nl":"http:\/\/shopify.tumblr.com","pt-BR":"http:\/\/shopify.tumblr.com","pt-PT":"http:\/\/shopify.tumblr.com","sv":"http:\/\/shopify.tumblr.com","th":"http:\/\/shopify.tumblr.com","zh-CN":"http:\/\/shopify.tumblr.com","zh-TW":"http:\/\/shopify.tumblr.com"}},{"type":"text","id":"social_youtube_link","label":{"da":"YouTube","de":"Youtube","en":"YouTube","es":"Youtube","fi":"YouTube","fr":"YouTube","hi":"YouTube","it":"YouTube","ja":"YouTube","ko":"YouTube","ms":"YouTube","nb":"YouTube","nl":"YouTube","pt-BR":"YouTube","pt-PT":"YouTube","sv":"YouTube","th":"YouTube","zh-CN":"YouTube","zh-TW":"YouTube"},"info":{"da":"https:\/\/www.youtube.com\/user\/shopify","de":"https:\/\/www.youtube.com\/user\/shopify","en":"https:\/\/www.youtube.com\/user\/shopify","es":"https:\/\/www.youtube.com\/user\/shopify","fi":"https:\/\/www.youtube.com\/user\/shopify","fr":"https:\/\/www.youtube.com\/user\/shopify","hi":"https:\/\/www.youtube.com\/user\/shopify","it":"https:\/\/www.youtube.com\/user\/shopify","ja":"https:\/\/www.youtube.com\/user\/shopify","ko":"https:\/\/www.youtube.com\/user\/shopify","ms":"https:\/\/www.youtube.com\/user\/shopify","nb":"https:\/\/www.youtube.com\/user\/shopify","nl":"https:\/\/www.youtube.com\/user\/shopify","pt-BR":"https:\/\/www.youtube.com\/user\/shopify","pt-PT":"https:\/\/www.youtube.com\/user\/shopify","sv":"https:\/\/www.youtube.com\/user\/shopify","th":"https:\/\/www.youtube.com\/user\/shopify","zh-CN":"https:\/\/www.youtube.com\/user\/shopify","zh-TW":"https:\/\/www.youtube.com\/user\/shopify"}},{"type":"text","id":"social_vimeo_link","label":{"da":"Vimeo","de":"Vimeo","en":"Vimeo","es":"Vimeo","fi":"Vimeo","fr":"Vimeo","hi":"Vimeo","it":"Vimeo","ja":"Vimeo","ko":"Vimeo","ms":"Vimeo","nb":"Vimeo","nl":"Vimeo","pt-BR":"Vimeo","pt-PT":"Vimeo","sv":"Vimeo","th":"Vimeo","zh-CN":"Vimeo","zh-TW":"Vimeo"},"info":{"da":"https:\/\/vimeo.com\/shopify","de":"https:\/\/vimeo.com\/shopify","en":"https:\/\/vimeo.com\/shopify","es":"https:\/\/vimeo.com\/shopify","fi":"https:\/\/vimeo.com\/shopify","fr":"https:\/\/vimeo.com\/shopify","hi":"https:\/\/vimeo.com\/shopify","it":"https:\/\/vimeo.com\/shopify","ja":"https:\/\/vimeo.com\/shopify","ko":"https:\/\/vimeo.com\/shopify","ms":"https:\/\/vimeo.com\/shopify","nb":"https:\/\/vimeo.com\/shopify","nl":"https:\/\/vimeo.com\/shopify","pt-BR":"https:\/\/vimeo.com\/shopify","pt-PT":"https:\/\/vimeo.com\/shopify","sv":"https:\/\/vimeo.com\/shopify","th":"https:\/\/vimeo.com\/shopify","zh-CN":"https:\/\/vimeo.com\/shopify","zh-TW":"https:\/\/vimeo.com\/shopify"}},{"type":"text","id":"social_fancy_link","label":{"da":"Fancy","de":"Fancy","en":"Fancy","es":"Fancy","fi":"Fancy","fr":"Fancy","hi":"फ़ेंसी","it":"Fancy","ja":"Fancy","ko":"팬시","ms":"Fansi","nb":"Fancy","nl":"Chique","pt-BR":"Fancy","pt-PT":"Fancy","sv":"Fancy","th":"Fancy","zh-CN":"Fancy","zh-TW":"Fancy"},"info":{"da":"http:\/\/fancy.com\/shopify","de":"http:\/\/fancy.com\/shopify","en":"http:\/\/fancy.com\/shopify","es":"http:\/\/fancy.com\/shopify","fi":"http:\/\/fancy.com\/Shopify","fr":"http:\/\/fancy.com\/shopify","hi":"http:\/\/fancy.com\/shopify","it":"http:\/\/fancy.com\/shopify","ja":"http:\/\/fancy.com\/shopify","ko":"http:\/\/fancy.com\/shopify","ms":"http:\/\/fancy.com\/shopify","nb":"http:\/\/fancy.com\/Shopify","nl":"http:\/\/fancy.com\/shopify","pt-BR":"http:\/\/fancy.com\/shopify","pt-PT":"http:\/\/fancy.com\/shopify","sv":"http:\/\/fancy.com\/Shopify","th":"http:\/\/fancy.com\/shopify","zh-CN":"http:\/\/fancy.com\/shopify","zh-TW":"http:\/\/fancy.com\/shopify"}},{"type":"text","id":"social_rss_link","label":{"da":"RSS","de":"RSS","en":"RSS","es":"RSS","fi":"RSS","fr":"RSS","hi":"RSS","it":"RSS","ja":"RSS","ko":"RSS","ms":"RSS","nb":"RSS","nl":"RSS","pt-BR":"RSS","pt-PT":"RSS","sv":"RSS","th":"RSS","zh-CN":"RSS","zh-TW":"RSS"},"info":{"da":"http:\/\/store.myshopify.com\/blogs\/blogname.atom","de":"http:\/\/store.myshopify.com\/blogs\/blogname.atom","en":"http:\/\/store.myshopify.com\/blogs\/blogname.atom","es":"http:\/\/store.myshopify.com\/blogs\/blogname.atom","fi":"http:\/\/store.myshopify.com\/blogs\/blogname.atom","fr":"http:\/\/store.myshopify.com\/blogs\/blogname.atom","hi":"http:\/\/store.myshopify.com\/blogs\/blogname.atom","it":"http:\/\/store.myshopify.com\/blogs\/blogname.atom","ja":"http:\/\/store.myshopify.com\/blogs\/blogname.atom","ko":"http:\/\/store.myshopify.com\/blogs\/blogname.atom","ms":"http:\/\/store.myshopify.com\/blogs\/blogname.atom","nb":"http:\/\/store.myshopify.com\/blogs\/blogname.atom","nl":"http:\/\/store.myshopify.com\/blogs\/blogname.atom","pt-BR":"http:\/\/store.myshopify.com\/blogs\/blogname.atom","pt-PT":"http:\/\/store.myshopify.com\/blogs\/blogname.atom","sv":"http:\/\/store.myshopify.com\/blogs\/blogname.atom","th":"http:\/\/store.myshopify.com\/blogs\/blogname.atom","zh-CN":"http:\/\/store.myshopify.com\/blogs\/blogname.atom","zh-TW":"http:\/\/store.myshopify.com\/blogs\/blogname.atom"}},{"type":"header","content":{"da":"Muligheder for deling","de":"Optionen zum Teilen","en":"Sharing options","es":"Opciones para compartir","fi":"Jakamisasetukset","fr":"Options de partage","hi":"साझाकरण विकल्प","it":"Opzioni di condivisione","ja":"シェアのオプション","ko":"공유 옵션","ms":"Opsyen perkongsian","nb":"Alternativer for deling","nl":"Opties voor delen","pt-BR":"Opções de compartilhamento","pt-PT":"Opções de partilha","sv":"Delningsalternativ","th":"ตัวเลือกการแชร์","zh-CN":"共享选项","zh-TW":"分享選項"}},{"type":"checkbox","id":"share_facebook","label":{"da":"Del på Facebook","de":"Auf Facebook teilen","en":"Share on Facebook","es":"Compartir en Facebook","fi":"Jaa Facebookissa","fr":"Partager sur Facebook","hi":"Facebook पर साझा करें","it":"Condividi su Facebook","ja":"Facebookでシェアする","ko":"Facebook에서 공유","ms":"Kongsi di Facebook","nb":"Del på Facebook","nl":"Delen op Facebook","pt-BR":"Compartilhar no Facebook","pt-PT":"Partilhe no Facebook","sv":"Dela på Facebook","th":"แชร์บน Facebook","zh-CN":"在 Facebook 上共享","zh-TW":"分享至 Facebook"}},{"type":"checkbox","id":"share_twitter","label":{"da":"Tweet på Twitter","de":"Auf Twitter twittern","en":"Tweet on Twitter","es":"Tuitear en Twitter","fi":"Twiittaa Twitterissä","fr":"Tweeter sur Twitter","hi":"Twitter पर ट्वीट करें","it":"Twitta su Twitter","ja":"Twitterに投稿する","ko":"Twitter에서 트윗 작성","ms":"Tweet di Twitter","nb":"Tweet på Twitter","nl":"Twitteren op Twitter","pt-BR":"Tuitar","pt-PT":"Twittar no Twitter","sv":"Twittra på Twitter","th":"ทวีตบน Twitter","zh-CN":"在 Twitter 上发推文","zh-TW":"在 Twitter 上發佈推文"}},{"type":"checkbox","id":"share_pinterest","label":{"da":"Pin på Pinterest","de":"Auf Pinterest pinnen","en":"Pin on Pinterest","es":"Pinear en Pinterest","fi":"Pinnaa Pinterestissä","fr":"Épingler sur Pinterest","hi":"Pinterest पर पिन करें","it":"Pinna su Pinterest","ja":"Pinterestでピンする","ko":"Pinterest에 고정하기","ms":"Pin di Pinterest","nb":"Pin på Pinterest","nl":"Pinnen op Pinterest","pt-BR":"Pin no Pinterest","pt-PT":"Adicione no Pinterest","sv":"Spara en pin på Pinterest","th":"ปักหมุดบน Pinterest","zh-CN":"固定在 Pinterest 上","zh-TW":"加入 Pinterest"}},{"type":"select","id":"social_sharing_style","label":{"da":"Knaptypografi","de":"Schaltflächenstil","en":"Button style","es":"Estilo de botón","fi":"Painikkeen tyyli","fr":"Style de bouton","hi":"बटन स्टाइल","it":"Stile pulsante","ja":"ボタンのスタイル","ko":"버튼 스타일","ms":"Gaya butang","nb":"Knappestil","nl":"Knopstijl","pt-BR":"Estilo de botão","pt-PT":"Estilo de botão","sv":"Knappstil","th":"สไตล์ปุ่ม","zh-CN":"按钮样式","zh-TW":"按鈕樣式"},"options":[{"value":"normal","label":{"da":"Fuld branding","de":"Vollständig gebrandet","en":"Fully branded","es":"Marca completa","fi":"Täysin brändätty","fr":"Entièrement marqué","hi":"पूरी तरह से ब्रांडेड","it":"Completamente personalizzato con il marchio","ja":"ブランド化されました。","ko":"전체 브랜드화","ms":"Penuh berjenama","nb":"Fullt merket","nl":"Volledige branding","pt-BR":"Integralmente com marca","pt-PT":"Integralmente com a marca","sv":"Helt märkt","th":"ใส่แบรนด์แบบเต็ม","zh-CN":"完全品牌化","zh-TW":"完整品牌標記"}},{"value":"is-clean","label":{"da":"Kun logo","de":"Nur Logo","en":"Logo only","es":"Solo logotipo","fi":"Vain logo","fr":"Logo uniquement","hi":"केवल लोगो","it":"Solo logo","ja":"ロゴのみ","ko":"로고 만","ms":"Logo sahaja","nb":"Kun logo","nl":"Alleen logo","pt-BR":"Apenas logotipo","pt-PT":"Apenas logótipo","sv":"Endast logotyp","th":"แค่โลโก้เท่านั้น","zh-CN":"仅限 logo ","zh-TW":"僅限商標"}}]}]}]